{
  "envelope": {
    "Audio": {
      "backward": 0.12774442043145323,
      "forward": 0.14724065981742884,
      "cca1": 0.15968469079217334,
      "cca2": 0.18828098788714018,
      "cca2plus": 0.20947381060945192
    },
    "Visual": {
      "backward": 0.09841254093707219,
      "forward": 0.13177766515206968,
      "cca1": 0.15522092647880517,
      "cca2": 0.16273565375310087,
      "cca2plus": 0.17600948705694677
    }
  },
  "word_onset": {
    "Audio": {
      "backward": 0.03311427061630684,
      "forward": 0.11583415543086659,
      "cca1": 0.1452253337767262,
      "cca2": 0.1612898544656658,
      "cca2plus": 0.2432809527202091
    },
    "Visual": {
      "backward": 0.026106422251908852,
      "forward": 0.09384989001364671,
      "cca1": 0.08529470184632407,
      "cca2": 0.09264934474570463,
      "cca2plus": 0.14291571205165615
    }
  },
  "word_frequency": {
    "Audio": {
      "backward": 0.028658676711354227,
      "forward": 0.10397276836774152,
      "cca1": 0.12168844686230622,
      "cca2": 0.13574378058268652,
      "cca2plus": 0.21079315815792993
    },
    "Visual": {
      "backward": 0.02256910043981831,
      "forward": 0.08141633639898163,
      "cca1": 0.05060816768370049,
      "cca2": 0.07824148898153309,
      "cca2plus": 0.10234217044140173
    }
  },
  "gpt2_surprisal": {
    "Audio": {
      "backward": 0.03469648116404819,
      "forward": 0.11914557750949023,
      "cca1": 0.15125512616922296,
      "cca2": 0.15903241150821953,
      "cca2plus": 0.24046646113164993
    },
    "Visual": {
      "backward": 0.030991767259019035,
      "forward": 0.10250206128016966,
      "cca1": 0.12672949745108097,
      "cca2": 0.09333811821960313,
      "cca2plus": 0.16983196931506267
    }
  }
}