{
  "envelope": {
    "Audio": {
      "backward": 0.12774442043145323,
      "forward": 0.14724065981742884,
      "cca1": 0.15968469079217334,
      "cca2": 0.18828098788714018,
      "cca3": 0.2235409253092036
    },
    "Visual": {
      "backward": 0.09841254093707219,
      "forward": 0.13177766515206968,
      "cca1": 0.15522092647880517,
      "cca2": 0.16273565375310087,
      "cca3": 0.5767879740477924
    }
  },
  "word_onset": {
    "Audio": {
      "backward": 0.03311427061630684,
      "forward": 0.11583415543086659,
      "cca1": 0.1452253337767262,
      "cca2": 0.1612898544656658,
      "cca3": 0.30639540900290946
    },
    "Visual": {
      "backward": 0.026106422251908852,
      "forward": 0.09384989001364671,
      "cca1": 0.08529470184632407,
      "cca2": 0.09264934474570463,
      "cca3": 0.33692437660333646
    }
  },
  "word_frequency": {
    "Audio": {
      "backward": 0.028658676711354227,
      "forward": 0.10397276836774152,
      "cca1": 0.12168844686230622,
      "cca2": 0.13574378058268652,
      "cca3": 0.2642903332400409
    },
    "Visual": {
      "backward": 0.02256910043981831,
      "forward": 0.08141633639898163,
      "cca1": 0.05060816768370049,
      "cca2": 0.07824148898153309,
      "cca3": 0.29050535223137863
    }
  },
  "gpt2_surprisal": {
    "Audio": {
      "backward": 0.03469648116404819,
      "forward": 0.11914557750949023,
      "cca1": 0.15125512616922296,
      "cca2": 0.15903241150821953,
      "cca3": 0.2887761206942213
    },
    "Visual": {
      "backward": 0.030991767259019035,
      "forward": 0.10250206128016966,
      "cca1": 0.12672949745108097,
      "cca2": 0.09333811821960313,
      "cca3": 0.3268321998598199
    }
  }
}