{
  "created": "2026-07-09T20:35:42",
  "subject": "sub001",
  "n_trials": 60,
  "levels": [
    "envelope",
    "spectrogram",
    "word_onset",
    "word_frequency",
    "gpt2_surprisal"
  ],
  "kinds": [
    "acoustic",
    "acoustic",
    "lexical",
    "lexical",
    "linguistic"
  ],
  "method": "regularised spatio-temporal CCA (MeysamAmirsardari/aud_cca, preset 'cca2'), per-trial score = mean of top-5 held-out canonical correlations",
  "cca_preset": "cca2",
  "cca_top_k": 5,
  "tracking_audio": {
    "envelope": 0.14896695192354267,
    "spectrogram": 0.09567174013710453,
    "word_onset": 0.11746002023568888,
    "word_frequency": 0.1078857830496859,
    "gpt2_surprisal": 0.11265502239397435
  },
  "tracking_visual": {
    "envelope": 0.1509930206075026,
    "spectrogram": 0.08902725687258199,
    "word_onset": 0.10687645278782677,
    "word_frequency": 0.10041109581892917,
    "gpt2_surprisal": 0.11098575735238017
  },
  "attention_effect_raw": {
    "envelope": -0.0020260686839599362,
    "spectrogram": 0.0066444832645225355,
    "word_onset": 0.01058356744786211,
    "word_frequency": 0.007474687230756727,
    "gpt2_surprisal": 0.0016692650415941757
  },
  "attention_effect_d": {
    "envelope": -0.05371541713441592,
    "spectrogram": 0.2817404174116837,
    "word_onset": 0.3134441626240057,
    "word_frequency": 0.23177870529419306,
    "gpt2_surprisal": 0.0513699728244215
  },
  "attention_effect_d_ci": {
    "envelope": [
      -0.5757974152440716,
      0.4628900219725039
    ],
    "spectrogram": [
      -0.21115207924733712,
      0.8457724292157982
    ],
    "word_onset": [
      -0.2016307824505322,
      0.8800323202754078
    ],
    "word_frequency": [
      -0.2549465556049604,
      0.7849492962887042
    ],
    "gpt2_surprisal": [
      -0.43545555979424705,
      0.5750293059145885
    ]
  },
  "per_level_perm_p": {
    "envelope": 0.5772,
    "spectrogram": 0.141,
    "word_onset": 0.113,
    "word_frequency": 0.1828,
    "gpt2_surprisal": 0.4136
  },
  "trend": {
    "slope_median": 0.01966824651154482,
    "slope_ci": [
      -0.1380661228140508,
      0.1821646380180217
    ],
    "bootstrap_p_slope_gt0": 0.5953333333333333,
    "spearman_rho": 0.09999999999999999,
    "spearman_p": 0.8728885715695383
  },
  "per_trial": {
    "envelope": [
      0.15333625483574087,
      0.159960348043268,
      0.18983931668162204,
      0.121724297045484,
      0.10850182076816309,
      0.15176263546653437,
      0.22161501546251,
      0.08871118191290468,
      0.20035605300484893,
      0.1755581784996957,
      0.16954357835367762,
      0.09988401391395516,
      0.13362681739496457,
      0.17961003418453927,
      0.20069537603956517,
      0.17396011600482134,
      0.1382648737003545,
      0.19291679051414834,
      0.14719304301965214,
      0.13252137076072631,
      0.16506200223415377,
      0.2125492118937642,
      0.1687062817719321,
      0.1538726461263596,
      0.09905495107152015,
      0.12393243743416016,
      0.1506388903372381,
      0.1987314462427639,
      0.17236904941570214,
      0.10544145391037443,
      0.13271374115723034,
      0.11891095092332174,
      0.20992391689249038,
      0.06564487644749369,
      0.21759806806955595,
      0.1120700580319455,
      0.1941324447787437,
      0.10147532816214089,
      0.1550376584726366,
      0.21364461281236952,
      0.16785928372904155,
      0.1308571369395784,
      0.14045251251149168,
      0.13046061306433115,
      0.11075572874346029,
      0.181570588778194,
      0.1315213749888518,
      0.15270454311322376,
      0.1345114756959545,
      0.182649125227891,
      0.11801642608920346,
      0.14867396404452998,
      0.07010831730460422,
      0.17072738170315863,
      0.18025301391072923,
      0.12864648271239287,
      0.11111466824858898,
      0.15368757252971155,
      0.11425417192495538,
      0.12888365287839415
    ],
    "spectrogram": [
      0.08394485218010998,
      0.08974764816827543,
      0.08977190019154488,
      0.09476947284228857,
      0.08391285295012543,
      0.08512352135949695,
      0.10906848474309323,
      0.08453277932406358,
      0.07337698668436458,
      0.10197366002890715,
      0.14212138123708004,
      0.07946293562078724,
      0.07768896351146284,
      0.1314905565230381,
      0.04971147365334473,
      0.0711829853120997,
      0.05330635976215414,
      0.07968587930139003,
      0.10587265997540714,
      0.12708023201050317,
      0.10331508037538875,
      0.13467789766555943,
      0.11340097599892247,
      0.12416688582962206,
      0.11932126386845132,
      0.07746939586015777,
      0.08518760382086475,
      0.09042205787219258,
      0.07682956460094699,
      0.0967203318896349,
      0.09784690313745092,
      0.083348783897619,
      0.0649928105494068,
      0.06663542382482181,
      0.09713523488600244,
      0.07699704222601225,
      0.09909011553344593,
      0.09637399092725428,
      0.11631468459182599,
      0.054768408290683634,
      0.07436423683325344,
      0.10086779252522811,
      0.057127329572512854,
      0.08854715947187297,
      0.09191962036462846,
      0.06427671454844161,
      0.10707316431651322,
      0.08719062272673136,
      0.06930716407771217,
      0.08107747932816296,
      0.1579963679752312,
      0.08009642262295362,
      0.07143695359291488,
      0.07530633624623696,
      0.05770566781238268,
      0.12160839126562077,
      0.11409131361083594,
      0.13273709964503852,
      0.12445139398123821,
      0.09494863874728468
    ],
    "word_onset": [
      0.13586671876190085,
      0.07881229889191484,
      0.1460917237591497,
      0.09319191648922116,
      0.039487900173190135,
      0.10173785645749123,
      0.134634711379716,
      0.05720637046720001,
      0.11170619518427363,
      0.09097354005588135,
      0.09403400995862518,
      0.10598547747800838,
      0.11913504233637014,
      0.12888434720281478,
      0.09157028478513965,
      0.15670583412785083,
      0.13421446143492208,
      0.09697386606540351,
      0.1167490873635149,
      0.09454320676081598,
      0.16417954291366235,
      0.14360402972739564,
      0.0779546619173633,
      0.12713330855930174,
      0.157474775058423,
      0.1563990777520839,
      0.1120398047135007,
      0.11993704563619585,
      0.08345308112178568,
      0.16466272221576853,
      0.12225114136082951,
      0.16570703437528994,
      0.08167311565142459,
      0.051968654836271055,
      0.16922373455142564,
      0.10538629430384913,
      0.13647207431668623,
      0.13883689689126624,
      0.09878011561996497,
      0.0874141564548055,
      0.1041981895755841,
      0.09105274368404154,
      0.1902107697988913,
      0.0627706551130673,
      0.1486947961080502,
      0.12550514740606608,
      0.09883705763969954,
      0.13989344922484212,
      0.06313710135923611,
      0.1139465917528927,
      0.07997344643310222,
      0.06361927557119898,
      0.0751217391490286,
      0.17278100181639816,
      0.1253363116056656,
      0.0821792457477726,
      0.12715901231151266,
      0.09879378323842235,
      0.07366740617535528,
      0.10016034988394466
    ],